OD01,1,1,450,2016-01-24,1,Apple iPhone 4S
OD01,1,1,450,2016-01-24,2,Apple iPhone 5S
OD01,1,1,450,2016-01-24,3,Apple iPhone 6
OD02,2,2,400,2016-01-24,1,Apple iPhone 4S
OD02,2,2,400,2016-01-24,2,Apple iPhone 5S
OD02,2,2,400,2016-01-24,3,Apple iPhone 6
OD03,2,1,350,2016-01-25,1,Apple iPhone 4S
OD03,2,1,350,2016-01-25,2,Apple iPhone 5S
OD03,2,1,350,2016-01-25,3,Apple iPhone 6
OD04,3,1,500,2016-01-25,1,Apple iPhone 4S
OD04,3,1,500,2016-01-25,2,Apple iPhone 5S
OD04,3,1,500,2016-01-27,3,Apple iPhone 6
OD05,4,1,650,2016-01-26,1,Apple iPhone 4S
OD05,4,1,650,2016-01-27,2,Apple iPhone 5S
OD05,4,1,650,2016-01-27,3,Apple iPhone 6